setting	process	n	negatives	agreement	aligner_applied	under	over	agree	agree_lo	agree_hi	sens	sens_lo	sens_hi	spec	spec_lo	spec_hi	ba	ba_lo	ba_hi	mcc	mcc_lo	mcc_hi
equal_v2_published	aspiration	1228	77	0.5993	0.6327	433	59	0.5993	0.5633	0.6344	0.6238	0.5842	0.6609	0.2338	0.1276	0.3537	0.4288	0.3705	0.4922	-0.0716	-0.1299	-0.008
equal_v2_published	liaison	1135	15	0.3736	0.3656	708	3	0.3736	0.3399	0.4089	0.3679	0.335	0.4029	0.8	0.6	1.0	0.5839	0.4807	0.6879	0.0398	-0.0087	0.0851
equal_v2_published	liquidization	483	21	0.8427	0.8116	73	3	0.8427	0.7963	0.8853	0.842	0.794	0.8861	0.8571	0.7143	1.0	0.8496	0.774	0.9231	0.3646	0.2462	0.4708
equal_v2_published	nasalization_liquid	185	23	0.8324	0.8919	14	17	0.8324	0.773	0.887	0.9136	0.875	0.9571	0.2609	0.05	0.5	0.5872	0.4826	0.705	0.1854	-0.0374	0.3991
equal_v2_published	nasalization_obstruent	1267	3	0.7127	0.7103	364	0	0.7127	0.6791	0.7445	0.712	0.6778	0.7444	1.0	1.0	1.0	0.856	0.8388	0.8714	0.0763	0.0432	0.1168
equal_v2_published	tensification	1418	22	0.4676	0.4647	746	9	0.4676	0.4307	0.5057	0.4656	0.428	0.5051	0.5909	0.2941	0.8	0.5283	0.3795	0.6366	0.014	-0.0532	0.0716
equal_v2_published	ALL	5716	161	0.5751	0.5787	2338	91	0.5751	0.5585	0.5913	0.5791	0.5613	0.5964	0.4348	0.3355	0.5435	0.507	0.4594	0.5564	0.0047	-0.0268	0.0387
equal_v2_published	ALL_halfA	2947	85	0.5745	0.5803	1203	51	0.5745	0.5556	0.5932	0.5797	0.5607	0.5977	0.4	0.2841	0.5206	0.4898	0.4308	0.5537	-0.0069	-0.0465	0.0341
equal_v2_published	ALL_halfB	2769	76	0.5757	0.5771	1135	40	0.5757	0.5479	0.6041	0.5785	0.5475	0.6107	0.4737	0.2951	0.6374	0.5261	0.4478	0.5982	0.0173	-0.0325	0.0663
equal_rerun	aspiration	1228	77	0.5985	0.6303	435	58	0.5985	0.5635	0.632	0.6221	0.5828	0.6579	0.2468	0.1447	0.3611	0.4344	0.3798	0.4928	-0.0659	-0.1192	-0.0071
equal_rerun	liaison	1135	15	0.3736	0.3656	708	3	0.3736	0.34	0.408	0.3679	0.3343	0.4019	0.8	0.6	1.0	0.5839	0.4814	0.6875	0.0398	-0.0085	0.0848
equal_rerun	liquidization	483	21	0.8427	0.8075	74	2	0.8427	0.7944	0.8857	0.8398	0.7909	0.8848	0.9048	0.75	1.0	0.8723	0.7941	0.9338	0.3851	0.2599	0.494
equal_rerun	nasalization_liquid	186	23	0.828	0.8871	15	17	0.828	0.7692	0.884	0.908	0.8639	0.9568	0.2609	0.05	0.5	0.5844	0.4784	0.7024	0.1756	-0.0446	0.3897
equal_rerun	nasalization_obstruent	1267	3	0.7119	0.7096	365	0	0.7119	0.679	0.7436	0.7112	0.6781	0.7429	1.0	1.0	1.0	0.8556	0.8384	0.8709	0.0761	0.0432	0.1168
equal_rerun	tensification	1418	22	0.4647	0.4619	750	9	0.4647	0.4285	0.5018	0.4628	0.4258	0.5013	0.5909	0.2941	0.8	0.5268	0.3784	0.6355	0.0133	-0.0537	0.071
equal_rerun	ALL	5717	161	0.5739	0.5769	2347	89	0.5739	0.5576	0.59	0.5776	0.56	0.5944	0.4472	0.3491	0.553	0.5124	0.4672	0.5617	0.0083	-0.0219	0.0411
equal_rerun	ALL_halfA	2947	85	0.5728	0.5779	1209	50	0.5728	0.5546	0.591	0.5776	0.5596	0.5955	0.4118	0.3084	0.5257	0.4947	0.4423	0.5546	-0.0036	-0.0394	0.0351
equal_rerun	ALL_halfB	2770	76	0.5751	0.5758	1138	39	0.5751	0.5477	0.603	0.5776	0.5467	0.6086	0.4868	0.3016	0.6538	0.5322	0.4524	0.6069	0.0213	-0.0309	0.0709
oos_priors	aspiration	1230	77	0.8537	0.913	105	75	0.8537	0.8301	0.8759	0.9089	0.8852	0.9298	0.026	0.0	0.0676	0.4675	0.4479	0.4916	-0.056	-0.0855	-0.0141
oos_priors	liaison	1143	15	0.9676	0.972	27	10	0.9676	0.9583	0.9767	0.9761	0.9682	0.9837	0.3333	0.0999	0.625	0.6547	0.5377	0.7998	0.2134	0.0539	0.3707
oos_priors	liquidization	497	21	0.9517	0.9256	20	4	0.9517	0.9341	0.9691	0.958	0.9408	0.9753	0.8095	0.6667	0.9524	0.8838	0.812	0.9543	0.5882	0.462	0.6893
oos_priors	nasalization_liquid	189	24	0.8571	0.9418	7	20	0.8571	0.7832	0.9171	0.9576	0.9218	0.9874	0.1667	0.0	0.3333	0.5621	0.4845	0.6421	0.1767	-0.0495	0.3642
oos_priors	nasalization_obstruent	1272	3	0.9552	0.9544	56	1	0.9552	0.943	0.9676	0.9559	0.9438	0.968	0.6667	0.5	1.0	0.8113	0.7236	0.9826	0.1448	0.0809	0.246
oos_priors	tensification	1420	22	0.9162	0.9317	97	22	0.9162	0.899	0.9331	0.9306	0.9163	0.9451	0.0	0.0	0.0	0.4653	0.4582	0.4725	-0.034	-0.0426	-0.0251
oos_priors	ALL	5751	162	0.9228	0.9405	312	132	0.9228	0.9134	0.9313	0.9442	0.9368	0.9516	0.1852	0.1224	0.2566	0.5647	0.5331	0.5999	0.0905	0.0467	0.1372
oos_priors	ALL_halfA	2965	86	0.9221	0.9437	156	75	0.9221	0.9069	0.9341	0.9458	0.9356	0.9554	0.1279	0.0707	0.1951	0.5369	0.5083	0.5709	0.0537	0.0124	0.0988
oos_priors	ALL_halfB	2786	76	0.9235	0.9372	156	57	0.9235	0.9112	0.935	0.9424	0.93	0.9529	0.25	0.1343	0.3636	0.5962	0.5402	0.6514	0.1292	0.0533	0.1974
extreme_0.9_0.1	aspiration	1230	77	0.8122	0.8667	159	72	0.8122	0.7853	0.8372	0.8621	0.8353	0.8874	0.0649	0.0167	0.1205	0.4635	0.4346	0.4952	-0.052	-0.0888	-0.007
extreme_0.9_0.1	liaison	1142	15	0.9475	0.9501	51	9	0.9475	0.9341	0.9596	0.9547	0.9424	0.9665	0.4	0.1667	0.6667	0.6774	0.5578	0.8113	0.1855	0.0563	0.3142
extreme_0.9_0.1	liquidization	493	21	0.9351	0.9047	29	3	0.9351	0.9078	0.9609	0.9386	0.9105	0.9642	0.8571	0.7143	1.0	0.8979	0.8262	0.9685	0.5472	0.4106	0.6616
extreme_0.9_0.1	nasalization_liquid	189	24	0.8624	0.9471	6	20	0.8624	0.7889	0.9218	0.9636	0.9325	0.9885	0.1667	0.0	0.3333	0.5652	0.4876	0.6438	0.1938	-0.0434	0.3738
extreme_0.9_0.1	nasalization_obstruent	1273	3	0.8877	0.8853	143	0	0.8877	0.8641	0.9114	0.8874	0.8634	0.9112	1.0	1.0	1.0	0.9437	0.9314	0.9548	0.135	0.0766	0.2036
extreme_0.9_0.1	tensification	1415	22	0.889	0.9046	135	22	0.889	0.8691	0.9097	0.9031	0.8859	0.921	0.0	0.0	0.0	0.4515	0.4429	0.4605	-0.0408	-0.051	-0.0299
extreme_0.9_0.1	ALL	5742	162	0.887	0.9026	523	126	0.887	0.8735	0.899	0.9063	0.8937	0.9176	0.2222	0.1547	0.2956	0.5642	0.531	0.5992	0.0718	0.0342	0.1102
extreme_0.9_0.1	ALL_halfA	2961	86	0.8892	0.9081	257	71	0.8892	0.8684	0.9052	0.9106	0.8964	0.924	0.1744	0.1059	0.2568	0.5425	0.5062	0.5854	0.0494	0.0073	0.0956
extreme_0.9_0.1	ALL_halfB	2781	76	0.8846	0.8968	266	55	0.8846	0.8653	0.9019	0.9017	0.8818	0.9199	0.2763	0.1604	0.3846	0.589	0.5353	0.6387	0.0954	0.0384	0.1449
